numbers,keywords
1,independence leadership new beginnings individuality sun
2,balance partnership harmony duality cooperation moon
3,creativity expression communication joy trinity
4,stability foundation structure discipline earth
5,freedom change adventure versatility movement
6,harmony love responsibility nurturing family
7,spirituality wisdom introspection mysticism seeker
8,power abundance success material mastery infinity
9,completion humanitarian universal love enlightenment
10,potential wholeness divine order completion of cycle
11,intuition spiritual insight master number illumination inspiration
12,completion cosmic order divine harmony time cycles
13,transformation death and rebirth change karmic lessons
14,balance moderation alchemy temperance fusion
15,magic manifestation material temptation earthly desires
16,awakening tower moment revelation ego dissolution
17,hope star guidance immortality spiritual evolution
18,illusion subconscious hidden enemies deception moon mysteries
19,sun energy success vitality achievement positivity
20,judgment awakening renewal absolution resurrection
21,world completion fulfillment achievement cosmic dancer
22,master builder unlimited potential ancient wisdom practical mastery
23,communication adventure royal star charisma
24,family love harmony service compassion
25,introspection spiritual seeking analysis inner wisdom
26,karma responsibility stewardship business power
27,compassion selflessness universal wisdom humanitarian
28,leadership independence self-determination courage
29,intuition spiritual teacher collective consciousness idealism
30,creative expression joy optimism social connection
31,practical creativity building unique expression innovation
32,communication partnerships cosmic connections communication mastery
33,master teacher universal love healing Christ consciousness selfless service
1,beginning new start leader independent pioneer
2,balance partnership duality harmony cooperation
3,creativity expression communication joy social
4,stability foundation structure organization practical
5,change freedom adventure versatility dynamic
6,harmony responsibility nurturing caring love
7,spiritual wisdom introspection analysis mystical
8,power abundance success material wealth
9,completion humanitarian wisdom universal compassion
10,completion cycle new beginning potential wholeness
11,intuition enlightenment spiritual master teacher
12,creative expression artistic completion growth
13,transformation change rebirth karma lessons
14,balance movement change adaptability freedom
15,love harmony family responsibility caring
16,spiritual growth wisdom introspection awakening
17,insight hope faith renewal inspiration
18,prosperity abundance material success achievement
19,completion fulfillment universal endings cycle
20,cooperation patience waiting partnership divine
21,success achievement crown creativity manifestation
22,master builder vision dreams reality power
23,communication expression creativity artistic joy
24,family harmony love stability nurturing
25,spiritual journey wisdom intuition understanding
26,material success power business leadership
27,humanitarian service compassion universal healing
28,leadership authority confidence determination success
29,spiritual insight intuition divine wisdom
30,creativity expression communication artistic joy
31,practical creative building manifestation achievement
32,communication cooperation partnership balance harmony
33,master teacher compassion service universal love
1,beginning new start leader independent pioneer
1,initiative self leadership innovation individual autonomy
1,original fresh launch assertive confident drive
2,balance partnership duality harmony cooperation
2,diplomatic teamwork collaboration peace mediation unity
2,receptive patient gentle supportive considerate understanding
3,creativity expression communication joy social
3,artistic optimistic playful imaginative enthusiastic talent
3,entertaining inspiring charismatic expressive vibrant lively
4,stability foundation structure organization practical
4,systematic reliable disciplined hardworking methodical grounded
4,traditional security order building constructive diligent
5,change freedom adventure versatility dynamic
5,progressive energetic curious explorer movement travel
5,adaptable flexible spontaneous exciting experience variety
6,harmony responsibility nurturing caring love
6,compassionate protective family domestic healing service
6,guardian teacher supportive generous empathetic devoted
7,spiritual wisdom introspection analysis mystical
7,philosophical contemplative seeker inner truth knowledge
7,reflective meditative mysterious psychic esoteric deep
8,power abundance success material wealth
8,ambitious executive authority status achievement business
9,completion humanitarian wisdom universal compassion
9,selfless idealistic philanthropic global visionary altruistic
9,charitable enlightened tolerant forgiving generous wholeness
10,completion cycle new beginning potential wholeness
10,rebirth transformation gateway opportunity infinite possibility
10,renewal culmination breakthrough threshold destiny fulfillment
11,intuition enlightenment spiritual master teacher
11,illumination inspirational visionary prophetic insight channel
11,heightened awareness awakening messenger divine connection supernatural
12,creative expression artistic completion growth
12,manifestation productivity joyful expansion development progress
12,fulfillment artistic divine feminine receptive creative flow
13,transformation change rebirth karma lessons
13,death resurrection upheaval transition catalyst breakthrough
13,alchemical transmutation phoenix rising liberation radical shift
14,balance movement change adaptability freedom
14,moderation temperance alchemy integration flexibility adjustment
14,synthesis harmonizing blending evolutionary progressive moderate
15,love harmony family responsibility caring
15,domestic nurturing commitment loyalty devotion partnership
15,heartfelt compassionate protective guardian bonds relationships
16,spiritual growth wisdom introspection awakening
16,revelation breakthrough enlightenment clarity tower moment insight
16,truth unveiling destruction rebuilding foundation spiritual crisis
17,insight hope faith renewal inspiration
17,guidance star optimism serenity trust divine grace
17,promising bright hopeful fortunate blessing wish fulfillment
18,prosperity abundance material success achievement
18,illusion confusion unconscious dreams intuition mystery
18,hidden psychic subconscious shadow emotional depths reflection
19,completion fulfillment universal endings cycle
19,radiant vitality success joy celebration achievement sunshine
19,positive enlightened warm brilliant glowing happiness energy
20,cooperation patience waiting partnership divine
20,judgment evaluation reflection accountability assessment higher calling
20,decision karma consequence awakening rebirth calling reckoning
21,success achievement crown creativity manifestation
21,victory triumph completion mastery accomplishment goal reached
21,integration wholeness fulfillment journey's end celebration unity
22,master builder vision dreams reality power
22,architect manifestor practical visionary large scale construction
22,legacy impactful purposeful grand ambitious masterwork influence
23,communication expression creativity artistic joy
23,messenger social eloquent articulate expressive collaborative networker
23,communicator writer speaker interpreter ambassador connector sharing
24,family harmony love stability nurturing
24,emotional security comfort home belonging roots foundation
24,intimate bonded protective maternal paternal legacy heritage
25,spiritual journey wisdom intuition understanding
25,mystical seeker esoteric occult metaphysical enlightenment path
25,sacred pilgrimage quest inner knowledge higher consciousness awakening
26,material success power business leadership
26,executive strategic ambitious corporate financial professional organized
26,authority manager efficient pragmatic results oriented achievement
27,humanitarian service compassion universal healing
27,altruistic philanthropic charitable welfare advocate reformer
27,selfless volunteer activist idealistic benevolent healer helper
28,leadership authority confidence determination success
28,commanding influential decisive strong willpower executive control
28,dominant assertive powerful courageous bold ambitious driven
29,spiritual insight intuition divine wisdom
29,mystical prophetic clairvoyant enlightened transcendent sacred
29,illuminated inspired channeling cosmic universal higher consciousness
30,creativity expression communication artistic joy
30,optimistic playful entertaining charming social expressive imaginative
30,celebratory joyful enthusiastic vibrant creative artistic inspired
31,practical creative building manifestation achievement
31,constructive innovative grounded productive tangible results focused
31,architectural systematic organized methodical builder creator maker
32,communication cooperation partnership balance harmony
32,diplomatic collaborative team synergy united alliance peaceful
32,mediator liaison networker bridge connector harmonious integrator
33,master teacher compassion service universal love
33,guru mentor guide healer enlightened selfless devoted
33,transcendent spiritual leader humanitarian messenger enlightenment teacher
1,beginning new start leader independent pioneer
1,initiative self leadership innovation individual autonomy
1,original fresh launch assertive confident drive
1,first primary singular unique solo original
1,originator founder creator initiator starter trailblazer
1,independent self-reliant ambitious motivated driven forward
1,courage bold brave pioneering adventurous daring
1,individuality uniqueness distinction special one-of-a-kind singular
1,leadership director chief executive head authority
2,balance partnership duality harmony cooperation
2,diplomatic teamwork collaboration peace mediation unity
2,receptive patient gentle supportive considerate understanding
2,pair couple duo twin companion partner
2,cooperative helpful friendly kind agreeable pleasant
2,peacemaker mediator diplomat negotiator harmonizer reconciler
2,sensitive intuitive empathetic caring tender compassionate
2,unity togetherness alliance bond connection relationship
2,balance equilibrium poise symmetry stability harmony
3,creativity expression communication joy social
3,artistic optimistic playful imaginative enthusiastic talent
3,entertaining inspiring charismatic expressive vibrant lively
3,trinity triad triple threesome trio creative
3,social outgoing friendly gregarious sociable extroverted
3,expressive articulate eloquent communicative verbal talkative
3,joyful happy cheerful merry delightful pleasant
3,creative innovative imaginative artistic original inventive
3,optimistic positive hopeful upbeat bright sunny
4,stability foundation structure organization practical
4,systematic reliable disciplined hardworking methodical grounded
4,traditional security order building constructive diligent
4,square four-sided solid sturdy stable firm
4,organized methodical systematic orderly structured arranged
4,practical realistic pragmatic sensible down-to-earth grounded
4,builder constructor maker creator developer architect
4,foundation base groundwork bedrock cornerstone support
4,security safety protection stability reliability dependability
5,change freedom adventure versatility dynamic
5,progressive energetic curious explorer movement travel
5,adaptable flexible spontaneous exciting experience variety
5,five quintuple pentagon diverse varied multiple
5,freedom liberty independence autonomy free unrestricted
5,change transformation shift transition alteration modification
5,adventure quest expedition journey voyage exploration
5,versatile adaptable flexible multifaceted diverse varied
5,dynamic energetic active lively vigorous spirited
6,harmony responsibility nurturing caring love
6,compassionate protective family domestic healing service
6,guardian teacher supportive generous empathetic devoted
6,six hexagon harmonious balanced peaceful serene
6,family home domestic household relatives kin
6,love affection caring devotion tenderness warmth
6,responsibility duty obligation commitment accountability charge
6,nurturing caring protective supportive mothering fathering
6,service helping assisting supporting aiding contributing
7,spiritual wisdom introspection analysis mystical
7,philosophical contemplative seeker inner truth knowledge
7,reflective meditative mysterious psychic esoteric deep
7,seven lucky mystical sacred spiritual magical
7,wisdom knowledge understanding insight intelligence enlightenment
7,spiritual sacred divine holy religious transcendent
7,introspection reflection contemplation meditation analysis examination
7,mystical mysterious enigmatic esoteric occult supernatural
7,seeker searcher investigator researcher analyst questioner
8,power abundance success material wealth
8,ambitious executive authority status achievement business
8,material financial monetary economic commercial business
8,eight infinity eternal endless unlimited boundless
8,power strength force might authority control
8,abundance prosperity wealth riches affluence plenty
8,success achievement accomplishment triumph victory attainment
8,ambitious driven motivated determined goal-oriented purposeful
8,executive manager director leader administrator supervisor
9,completion humanitarian wisdom universal compassion
9,selfless idealistic philanthropic global visionary altruistic
9,charitable enlightened tolerant forgiving generous wholeness
9,nine final last ultimate complete finished
9,completion ending conclusion finale finish closure
9,humanitarian charitable philanthropic altruistic benevolent compassionate
9,universal global worldwide cosmic infinite all-encompassing
9,compassion empathy sympathy kindness mercy tenderness
9,wisdom knowledge understanding insight enlightenment awareness
10,completion cycle new beginning potential wholeness
10,rebirth transformation gateway opportunity infinite possibility
10,renewal culmination breakthrough threshold destiny fulfillment
10,ten complete whole perfect total absolute
10,cycle circle rotation revolution period phase
10,new beginning fresh start rebirth renewal regeneration
10,potential possibility capability capacity promise prospect
10,wholeness completeness totality unity integration fullness
10,gateway portal doorway entrance threshold passage
11,intuition enlightenment spiritual master teacher
11,illumination inspirational visionary prophetic insight channel
11,heightened awareness awakening messenger divine connection supernatural
11,eleven master number spiritual illuminated enlightened
11,intuition instinct sixth sense inner knowing psychic
11,enlightenment awakening illumination realization understanding awareness
11,master teacher guru guide mentor instructor
11,spiritual sacred divine holy transcendent mystical
11,visionary prophet seer clairvoyant mystic oracle
12,creative expression artistic completion growth
12,manifestation productivity joyful expansion development progress
12,fulfillment artistic divine feminine receptive creative flow
12,twelve dozen complete cycle year zodiac
12,creative inventive innovative imaginative original artistic
12,expression manifestation articulation communication representation demonstration
12,artistic aesthetic beautiful creative tasteful elegant
12,completion finishing conclusion ending fulfillment achievement
13,transformation change rebirth karma lessons
13,death resurrection upheaval transition catalyst breakthrough
13,alchemical transmutation phoenix rising liberation radical shift
13,thirteen unlucky feared misunderstood transformative powerful
13,transformation metamorphosis conversion change alteration shift
13,rebirth renewal regeneration resurrection revival reincarnation
13,karma fate destiny consequence justice balance
13,lessons teachings wisdom learning growth development
14,balance movement change adaptability freedom
14,moderation temperance alchemy integration flexibility adjustment
14,synthesis harmonizing blending evolutionary progressive moderate
14,fourteen balanced transitional adaptive flexible changing
14,balance equilibrium harmony poise stability proportion
14,movement motion mobility activity action progress
14,adaptability flexibility versatility adjustment accommodation modification
14,temperance moderation restraint self-control balance harmony
15,love harmony family responsibility caring
15,domestic nurturing commitment loyalty devotion partnership
15,heartfelt compassionate protective guardian bonds relationships
15,fifteen loving harmonious familial responsible caring
15,love affection devotion attachment fondness tenderness
15,family household relatives kin clan tribe
15,harmony peace accord unity agreement cooperation
15,commitment dedication devotion loyalty allegiance fidelity
16,spiritual growth wisdom introspection awakening
16,revelation breakthrough enlightenment clarity tower moment insight
16,truth unveiling destruction rebuilding foundation spiritual crisis
16,sixteen tower revelation breakthrough awakening transformative
16,spiritual sacred divine religious mystical transcendent
16,growth development expansion progress advancement evolution
16,revelation disclosure discovery unveiling epiphany awakening
16,breakthrough advance progress development achievement success
17,insight hope faith renewal inspiration
17,guidance star optimism serenity trust divine grace
17,promising bright hopeful fortunate blessing wish fulfillment
17,seventeen star hope lucky fortunate blessed
17,hope optimism faith trust confidence belief
17,insight understanding awareness perception comprehension realization
17,renewal regeneration revival rebirth restoration rejuvenation
17,inspiration motivation encouragement stimulation creativity influence
18,prosperity abundance material success achievement
18,illusion confusion unconscious dreams intuition mystery
18,hidden psychic subconscious shadow emotional depths reflection
18,eighteen moon illusion psychic intuitive mysterious
18,prosperity wealth affluence riches abundance success
18,illusion delusion fantasy mirage deception confusion
18,dreams visions fantasies aspirations hopes desires
18,psychic intuitive clairvoyant telepathic supernatural mystical
19,completion fulfillment universal endings cycle
19,radiant vitality success joy celebration achievement sunshine
19,positive enlightened warm brilliant glowing happiness energy
19,nineteen sun radiant bright positive joyful
19,radiant bright shining luminous brilliant glowing
19,vitality energy vigor liveliness animation dynamism
19,joy happiness gladness delight pleasure contentment
19,success achievement accomplishment triumph victory attainment
20,cooperation patience waiting partnership divine
20,judgment evaluation reflection accountability assessment higher calling
20,decision karma consequence awakening rebirth calling reckoning
20,twenty judgment decision evaluation assessment reflection
20,judgment evaluation assessment appraisal review analysis
20,awakening realization awareness enlightenment understanding discovery
20,calling vocation purpose mission destiny life-work
20,patience endurance tolerance perseverance steadiness calmness
21,success achievement crown creativity manifestation
21,victory triumph completion mastery accomplishment goal reached
21,integration wholeness fulfillment journey's end celebration unity
21,twenty-one world completion success fulfillment accomplished
21,success achievement accomplishment victory triumph attainment
21,completion ending conclusion finale finish closure
21,integration synthesis combination unification amalgamation merger
21,fulfillment satisfaction contentment gratification realization achievement
22,master builder vision dreams reality power
22,architect manifestor practical visionary large scale construction
22,legacy impactful purposeful grand ambitious masterwork influence
22,twenty-two master builder architect visionary powerful
22,master expert specialist professional virtuoso authority
22,builder constructor creator maker developer architect
22,vision foresight insight perception imagination conception
22,manifestation realization actualization achievement accomplishment fulfillment
23,communication expression creativity artistic joy
23,messenger social eloquent articulate expressive collaborative networker
23,communicator writer speaker interpreter ambassador connector sharing
23,twenty-three expressive communicative social creative joyful
23,communication interaction dialogue conversation exchange discussion
23,expression articulation manifestation representation demonstration communication
23,social gregarious outgoing friendly sociable extroverted
23,messenger courier envoy herald ambassador representative
24,family harmony love stability nurturing
24,emotional security comfort home belonging roots foundation
24,intimate bonded protective maternal paternal legacy heritage
24,twenty-four family home domestic stable loving
24,family household relatives kin clan tribe
24,home house residence dwelling abode domicile
24,stability steadiness firmness solidity security reliability
24,nurturing caring supportive protective mothering fostering
25,spiritual journey wisdom intuition understanding
25,mystical seeker esoteric occult metaphysical enlightenment path
25,sacred pilgrimage quest inner knowledge higher consciousness awakening
25,twenty-five spiritual mystical wise intuitive understanding
25,journey voyage quest expedition pilgrimage adventure
25,spiritual sacred divine holy religious transcendent
25,wisdom knowledge understanding insight intelligence enlightenment
25,intuition instinct sixth sense inner knowing insight
26,material success power business leadership
26,executive strategic ambitious corporate financial professional organized
26,authority manager efficient pragmatic results oriented achievement
26,twenty-six business executive material successful powerful
26,business commerce trade industry enterprise corporate
26,executive manager director administrator supervisor leader
26,material physical tangible concrete substantial worldly
26,leadership direction guidance management supervision authority
27,humanitarian service compassion universal healing
27,altruistic philanthropic charitable welfare advocate reformer
27,selfless volunteer activist idealistic benevolent healer helper
27,twenty-seven humanitarian compassionate service healer helper
27,humanitarian charitable philanthropic altruistic benevolent compassionate
27,service helping assistance support aid contribution
27,compassion empathy sympathy kindness mercy tenderness
27,healing curing restoration recovery treatment therapy
28,leadership authority confidence determination success
28,commanding influential decisive strong willpower executive control
28,dominant assertive powerful courageous bold ambitious driven
28,twenty-eight leader authoritative confident determined successful
28,leadership direction guidance management supervision command
28,authority power control command jurisdiction dominion
28,confidence assurance self-assurance certainty conviction faith
28,determination resolve persistence tenacity dedication commitment
29,spiritual insight intuition divine wisdom
29,mystical prophetic clairvoyant enlightened transcendent sacred
29,illuminated inspired channeling cosmic universal higher consciousness
29,twenty-nine spiritual intuitive wise divine enlightened
29,spiritual sacred divine holy religious transcendent
29,insight understanding awareness perception comprehension realization
29,divine godly holy sacred heavenly celestial
29,wisdom knowledge understanding insight intelligence enlightenment
30,creativity expression communication artistic joy
30,optimistic playful entertaining charming social expressive imaginative
30,celebratory joyful enthusiastic vibrant creative artistic inspired
30,thirty creative expressive communicative joyful artistic
30,creativity innovation imagination originality inventiveness artistry
30,expression articulation manifestation communication representation demonstration
30,communication interaction dialogue conversation exchange discussion
30,joy happiness gladness delight pleasure contentment
31,practical creative building manifestation achievement
31,constructive innovative grounded productive tangible results focused
31,architectural systematic organized methodical builder creator maker
31,thirty-one practical creative builder achiever grounded
31,practical pragmatic realistic sensible down-to-earth utilitarian
31,creative innovative imaginative artistic original inventive
31,building construction creation development establishment formation
31,manifestation realization actualization achievement accomplishment fulfillment
32,communication cooperation partnership balance harmony
32,diplomatic collaborative team synergy united alliance peaceful
32,mediator liaison networker bridge connector harmonious integrator
32,thirty-two communicative cooperative balanced harmonious diplomatic
32,communication interaction dialogue conversation exchange discussion
32,cooperation collaboration teamwork partnership alliance unity
32,partnership collaboration alliance association union affiliation
32,balance equilibrium harmony poise stability proportion
33,master teacher compassion service universal love
33,guru mentor guide healer enlightened selfless devoted
33,transcendent spiritual leader humanitarian messenger enlightenment teacher
33,thirty-three master teacher healer compassionate loving
33,master expert specialist professional virtuoso authority
33,teacher instructor educator mentor guide trainer
33,compassion empathy sympathy kindness mercy tenderness
33,service helping assistance support aid contribution